path,label,split,source_dataset,speaker_id,utterance_id,generator_id,language,codec,duration_s,license,consent
/home/akenzz/sih/project/expert1/data/audio/synth_0001_bonafide.wav,bonafide,train,synthetic_placeholder,spk_0001,utt_0001,none,en,pcm_16,4,cc0,n/a
/home/akenzz/sih/project/expert1/data/audio/synth_0002_bonafide.wav,bonafide,train,synthetic_placeholder,spk_0002,utt_0002,none,en,pcm_16,4,cc0,n/a
/home/akenzz/sih/project/expert1/data/audio/synth_0003_bonafide.wav,bonafide,train,synthetic_placeholder,spk_0003,utt_0003,none,en,pcm_16,4,cc0,n/a
/home/akenzz/sih/project/expert1/data/audio/synth_0004_bonafide.wav,bonafide,train,synthetic_placeholder,spk_0004,utt_0004,none,en,pcm_16,4,cc0,n/a
/home/akenzz/sih/project/expert1/data/audio/synth_0005_bonafide.wav,bonafide,train,synthetic_placeholder,spk_0005,utt_0005,none,en,pcm_16,4,cc0,n/a
/home/akenzz/sih/project/expert1/data/audio/synth_0006_bonafide.wav,bonafide,train,synthetic_placeholder,spk_0006,utt_0006,none,en,pcm_16,4,cc0,n/a
/home/akenzz/sih/project/expert1/data/audio/synth_0007_bonafide.wav,bonafide,train,synthetic_placeholder,spk_0007,utt_0007,none,en,pcm_16,4,cc0,n/a
/home/akenzz/sih/project/expert1/data/audio/synth_0008_bonafide.wav,bonafide,train,synthetic_placeholder,spk_0008,utt_0008,none,en,pcm_16,4,cc0,n/a
/home/akenzz/sih/project/expert1/data/audio/synth_0009_bonafide.wav,bonafide,train,synthetic_placeholder,spk_0009,utt_0009,none,en,pcm_16,4,cc0,n/a
/home/akenzz/sih/project/expert1/data/audio/synth_0010_bonafide.wav,bonafide,train,synthetic_placeholder,spk_0010,utt_0010,none,en,pcm_16,4,cc0,n/a
/home/akenzz/sih/project/expert1/data/audio/synth_0011_bonafide.wav,bonafide,train,synthetic_placeholder,spk_0011,utt_0011,none,en,pcm_16,4,cc0,n/a
/home/akenzz/sih/project/expert1/data/audio/synth_0012_bonafide.wav,bonafide,train,synthetic_placeholder,spk_0012,utt_0012,none,en,pcm_16,4,cc0,n/a
/home/akenzz/sih/project/expert1/data/audio/synth_0013_bonafide.wav,bonafide,train,synthetic_placeholder,spk_0013,utt_0013,none,en,pcm_16,4,cc0,n/a
/home/akenzz/sih/project/expert1/data/audio/synth_0014_bonafide.wav,bonafide,train,synthetic_placeholder,spk_0014,utt_0014,none,en,pcm_16,4,cc0,n/a
/home/akenzz/sih/project/expert1/data/audio/synth_0015_bonafide.wav,bonafide,train,synthetic_placeholder,spk_0015,utt_0015,none,en,pcm_16,4,cc0,n/a
/home/akenzz/sih/project/expert1/data/audio/synth_0016_bonafide.wav,bonafide,train,synthetic_placeholder,spk_0016,utt_0016,none,en,pcm_16,4,cc0,n/a
/home/akenzz/sih/project/expert1/data/audio/synth_0017_bonafide.wav,bonafide,train,synthetic_placeholder,spk_0017,utt_0017,none,en,pcm_16,4,cc0,n/a
/home/akenzz/sih/project/expert1/data/audio/synth_0018_bonafide.wav,bonafide,train,synthetic_placeholder,spk_0018,utt_0018,none,en,pcm_16,4,cc0,n/a
/home/akenzz/sih/project/expert1/data/audio/synth_0019_bonafide.wav,bonafide,train,synthetic_placeholder,spk_0019,utt_0019,none,en,pcm_16,4,cc0,n/a
/home/akenzz/sih/project/expert1/data/audio/synth_0020_bonafide.wav,bonafide,train,synthetic_placeholder,spk_0020,utt_0020,none,en,pcm_16,4,cc0,n/a
/home/akenzz/sih/project/expert1/data/audio/synth_0021_spoof.wav,spoof,train,synthetic_placeholder,spk_0021,utt_0021,synthetic_noise_v1,en,pcm_16,4,cc0,n/a
/home/akenzz/sih/project/expert1/data/audio/synth_0022_spoof.wav,spoof,train,synthetic_placeholder,spk_0022,utt_0022,synthetic_noise_v1,en,pcm_16,4,cc0,n/a
/home/akenzz/sih/project/expert1/data/audio/synth_0023_spoof.wav,spoof,train,synthetic_placeholder,spk_0023,utt_0023,synthetic_noise_v1,en,pcm_16,4,cc0,n/a
/home/akenzz/sih/project/expert1/data/audio/synth_0024_spoof.wav,spoof,train,synthetic_placeholder,spk_0024,utt_0024,synthetic_noise_v1,en,pcm_16,4,cc0,n/a
/home/akenzz/sih/project/expert1/data/audio/synth_0025_spoof.wav,spoof,train,synthetic_placeholder,spk_0025,utt_0025,synthetic_noise_v1,en,pcm_16,4,cc0,n/a
/home/akenzz/sih/project/expert1/data/audio/synth_0026_spoof.wav,spoof,train,synthetic_placeholder,spk_0026,utt_0026,synthetic_noise_v1,en,pcm_16,4,cc0,n/a
/home/akenzz/sih/project/expert1/data/audio/synth_0027_spoof.wav,spoof,train,synthetic_placeholder,spk_0027,utt_0027,synthetic_noise_v1,en,pcm_16,4,cc0,n/a
/home/akenzz/sih/project/expert1/data/audio/synth_0028_spoof.wav,spoof,train,synthetic_placeholder,spk_0028,utt_0028,synthetic_noise_v1,en,pcm_16,4,cc0,n/a
/home/akenzz/sih/project/expert1/data/audio/synth_0029_spoof.wav,spoof,train,synthetic_placeholder,spk_0029,utt_0029,synthetic_noise_v1,en,pcm_16,4,cc0,n/a
/home/akenzz/sih/project/expert1/data/audio/synth_0030_spoof.wav,spoof,train,synthetic_placeholder,spk_0030,utt_0030,synthetic_noise_v1,en,pcm_16,4,cc0,n/a
/home/akenzz/sih/project/expert1/data/audio/synth_0031_spoof.wav,spoof,train,synthetic_placeholder,spk_0031,utt_0031,synthetic_noise_v1,en,pcm_16,4,cc0,n/a
/home/akenzz/sih/project/expert1/data/audio/synth_0032_spoof.wav,spoof,train,synthetic_placeholder,spk_0032,utt_0032,synthetic_noise_v1,en,pcm_16,4,cc0,n/a
/home/akenzz/sih/project/expert1/data/audio/synth_0033_spoof.wav,spoof,train,synthetic_placeholder,spk_0033,utt_0033,synthetic_noise_v1,en,pcm_16,4,cc0,n/a
/home/akenzz/sih/project/expert1/data/audio/synth_0034_spoof.wav,spoof,train,synthetic_placeholder,spk_0034,utt_0034,synthetic_noise_v1,en,pcm_16,4,cc0,n/a
/home/akenzz/sih/project/expert1/data/audio/synth_0035_spoof.wav,spoof,train,synthetic_placeholder,spk_0035,utt_0035,synthetic_noise_v1,en,pcm_16,4,cc0,n/a
/home/akenzz/sih/project/expert1/data/audio/synth_0036_spoof.wav,spoof,train,synthetic_placeholder,spk_0036,utt_0036,synthetic_noise_v1,en,pcm_16,4,cc0,n/a
/home/akenzz/sih/project/expert1/data/audio/synth_0037_spoof.wav,spoof,train,synthetic_placeholder,spk_0037,utt_0037,synthetic_noise_v1,en,pcm_16,4,cc0,n/a
/home/akenzz/sih/project/expert1/data/audio/synth_0038_spoof.wav,spoof,train,synthetic_placeholder,spk_0038,utt_0038,synthetic_noise_v1,en,pcm_16,4,cc0,n/a
/home/akenzz/sih/project/expert1/data/audio/synth_0039_spoof.wav,spoof,train,synthetic_placeholder,spk_0039,utt_0039,synthetic_noise_v1,en,pcm_16,4,cc0,n/a
/home/akenzz/sih/project/expert1/data/audio/synth_0040_spoof.wav,spoof,train,synthetic_placeholder,spk_0040,utt_0040,synthetic_noise_v1,en,pcm_16,4,cc0,n/a
/home/akenzz/sih/project/expert1/data/audio/synth_0041_bonafide.wav,bonafide,dev,synthetic_placeholder,spk_0041,utt_0041,none,en,pcm_16,4,cc0,n/a
/home/akenzz/sih/project/expert1/data/audio/synth_0042_bonafide.wav,bonafide,dev,synthetic_placeholder,spk_0042,utt_0042,none,en,pcm_16,4,cc0,n/a
/home/akenzz/sih/project/expert1/data/audio/synth_0043_bonafide.wav,bonafide,dev,synthetic_placeholder,spk_0043,utt_0043,none,en,pcm_16,4,cc0,n/a
/home/akenzz/sih/project/expert1/data/audio/synth_0044_bonafide.wav,bonafide,dev,synthetic_placeholder,spk_0044,utt_0044,none,en,pcm_16,4,cc0,n/a
/home/akenzz/sih/project/expert1/data/audio/synth_0045_bonafide.wav,bonafide,dev,synthetic_placeholder,spk_0045,utt_0045,none,en,pcm_16,4,cc0,n/a
/home/akenzz/sih/project/expert1/data/audio/synth_0046_spoof.wav,spoof,dev,synthetic_placeholder,spk_0046,utt_0046,synthetic_noise_v1,en,pcm_16,4,cc0,n/a
/home/akenzz/sih/project/expert1/data/audio/synth_0047_spoof.wav,spoof,dev,synthetic_placeholder,spk_0047,utt_0047,synthetic_noise_v1,en,pcm_16,4,cc0,n/a
/home/akenzz/sih/project/expert1/data/audio/synth_0048_spoof.wav,spoof,dev,synthetic_placeholder,spk_0048,utt_0048,synthetic_noise_v1,en,pcm_16,4,cc0,n/a
/home/akenzz/sih/project/expert1/data/audio/synth_0049_spoof.wav,spoof,dev,synthetic_placeholder,spk_0049,utt_0049,synthetic_noise_v1,en,pcm_16,4,cc0,n/a
/home/akenzz/sih/project/expert1/data/audio/synth_0050_spoof.wav,spoof,dev,synthetic_placeholder,spk_0050,utt_0050,synthetic_noise_v1,en,pcm_16,4,cc0,n/a
/home/akenzz/sih/project/expert1/data/audio/synth_0051_bonafide.wav,bonafide,test,synthetic_placeholder,spk_0051,utt_0051,none,en,pcm_16,4,cc0,n/a
/home/akenzz/sih/project/expert1/data/audio/synth_0052_bonafide.wav,bonafide,test,synthetic_placeholder,spk_0052,utt_0052,none,en,pcm_16,4,cc0,n/a
/home/akenzz/sih/project/expert1/data/audio/synth_0053_bonafide.wav,bonafide,test,synthetic_placeholder,spk_0053,utt_0053,none,en,pcm_16,4,cc0,n/a
/home/akenzz/sih/project/expert1/data/audio/synth_0054_bonafide.wav,bonafide,test,synthetic_placeholder,spk_0054,utt_0054,none,en,pcm_16,4,cc0,n/a
/home/akenzz/sih/project/expert1/data/audio/synth_0055_bonafide.wav,bonafide,test,synthetic_placeholder,spk_0055,utt_0055,none,en,pcm_16,4,cc0,n/a
/home/akenzz/sih/project/expert1/data/audio/synth_0056_spoof.wav,spoof,test,synthetic_placeholder,spk_0056,utt_0056,synthetic_noise_v1,en,pcm_16,4,cc0,n/a
/home/akenzz/sih/project/expert1/data/audio/synth_0057_spoof.wav,spoof,test,synthetic_placeholder,spk_0057,utt_0057,synthetic_noise_v1,en,pcm_16,4,cc0,n/a
/home/akenzz/sih/project/expert1/data/audio/synth_0058_spoof.wav,spoof,test,synthetic_placeholder,spk_0058,utt_0058,synthetic_noise_v1,en,pcm_16,4,cc0,n/a
/home/akenzz/sih/project/expert1/data/audio/synth_0059_spoof.wav,spoof,test,synthetic_placeholder,spk_0059,utt_0059,synthetic_noise_v1,en,pcm_16,4,cc0,n/a
/home/akenzz/sih/project/expert1/data/audio/synth_0060_spoof.wav,spoof,test,synthetic_placeholder,spk_0060,utt_0060,synthetic_noise_v1,en,pcm_16,4,cc0,n/a
